,index,status_code
0,1290,201
1,1291,201
2,1292,201
3,1293,201
4,1294,201
5,1295,201
6,1296,201
7,1297,201
8,1298,201
9,1299,201
10,1300,201
11,1301,201
12,1302,201
13,1303,201
14,1304,201
15,1305,201
16,1306,201
17,1307,201
18,1308,201
19,1309,201
20,1310,201
21,1311,201
22,1312,201
23,1313,201
24,1314,201
25,1315,201
26,1316,201
27,1317,201
28,1318,201
29,1319,201
30,1320,201
31,1321,201
32,1322,201
33,1323,201
34,1324,201
35,1325,201
36,1326,201
37,1327,201
38,1328,201
39,1329,201
40,1330,201
41,1331,201
42,1332,201
43,1333,201
44,1334,201
45,1335,201
46,1336,201
47,1337,201
48,1338,201
49,1339,201
50,1340,201
51,1341,201
52,1342,201
53,1343,201
54,1344,201
55,1345,201
56,1346,201
57,1347,201
58,1348,201
59,1349,201
60,1350,201
61,1351,201
62,1352,201
63,1353,201
64,1354,201
65,1355,201
66,1356,201
67,1357,201
68,1358,201
69,1359,201
70,1360,201
71,1361,201
72,1362,201
73,1363,201
74,1364,201
75,1365,201
76,1366,201
77,1367,201
78,1368,201
79,1369,201
80,1370,201
81,1371,201
82,1372,201
83,1373,201
84,1374,201
85,1375,201
86,1376,201
87,1377,201
88,1378,201
89,1379,201
90,1380,201
91,1381,201
92,1382,201
93,1383,201
94,1384,201
95,1385,201
96,1386,201
97,1387,201
98,1388,201
99,1389,201
100,1390,201
101,1391,201
102,1392,201
103,1393,201
104,1394,201
105,1395,201
106,1396,201
107,1397,201
108,1398,201
109,1399,201
110,1400,201
111,1401,201
112,1402,201
113,1403,201
114,1404,201
115,1405,201
116,1406,201
117,1407,201
118,1408,201
119,1409,201
120,1410,201
121,1411,201
122,1412,201
123,1413,201
124,1414,201
125,1415,201
126,1416,201
127,1417,201
128,1418,201
129,1419,201
130,1420,201
131,1421,201
132,1422,201
133,1423,201
134,1424,201
135,1425,201
136,1426,201
137,1427,201
138,1428,201
139,1429,201
140,1430,201
141,1431,201
142,1432,201
143,1433,201
144,1434,201
145,1435,201
146,1436,201
147,1437,201
148,1438,201
149,1439,201
150,1440,201
151,1441,201
152,1442,201
153,1443,201
154,1444,201
155,1445,201
156,1446,201
157,1447,201
158,1448,201
159,1449,201
160,1450,201
161,1451,201
162,1452,201
163,1453,201
164,1454,201
165,1455,201
166,1456,201
167,1457,201
168,1458,201
169,1459,201
170,1460,201
171,1461,201
172,1462,201
173,1463,201
174,1464,201
175,1465,201
176,1466,201
177,1467,201
178,1468,201
179,1469,201
180,1470,201
181,1471,201
182,1472,201
183,1473,201
184,1474,201
185,1475,201
186,1476,201
187,1477,201
188,1478,201
189,1479,201
190,1480,201
191,1481,201
192,1482,201
193,1483,201
194,1484,201
195,1485,201
196,1486,201
197,1487,201
198,1488,201
199,1489,201
200,1490,201
201,1491,201
202,1492,201
203,1493,201
204,1494,201
205,1495,201
206,1496,201
207,1497,201
208,1498,201
209,1499,201
210,1500,201
211,1501,201
212,1502,201
213,1503,201
214,1504,201
215,1505,201
216,1506,201
217,1507,201
218,1508,201
219,1509,201
220,1510,201
221,1511,201
222,1512,201
223,1513,201
224,1514,201
225,1515,201
226,1516,201
227,1517,201
228,1518,201
229,1519,201
230,1520,201
231,1521,201
232,1522,201
233,1523,201
234,1524,201
235,1525,201
236,1526,201
237,1527,201
238,1528,201
239,1529,201
240,1530,201
241,1531,201
242,1532,201
243,1533,201
244,1534,201
245,1535,201
246,1536,201
247,1537,201
248,1538,201
249,1539,201
250,1540,201
251,1541,201
252,1542,201
253,1543,201
254,1544,201
255,1545,201
256,1546,201
257,1547,201
258,1548,201
259,1549,201
260,1550,201
261,1551,201
262,1552,201
263,1553,201
264,1554,201
265,1555,201
266,1556,201
267,1557,201
268,1558,201
269,1559,201
270,1560,201
271,1561,201
272,1562,201
273,1563,201
274,1564,201
275,1565,201
276,1566,201
277,1567,201
278,1568,201
279,1569,201
280,1570,201
281,1571,201
282,1572,201
283,1573,201
284,1574,201
285,1575,201
286,1576,201
287,1577,201
288,1578,201
289,1579,201
290,1580,201
291,1581,201
292,1582,201
293,1583,201
294,1584,201
295,1585,201
296,1586,201
297,1587,201
298,1588,201
299,1589,201
300,1590,201
301,1591,201
302,1592,201
303,1593,201
304,1594,201
305,1595,201
306,1596,201
307,1597,201
308,1598,201
309,1599,201
310,1600,201
311,1601,201
312,1602,201
313,1603,201
314,1604,201
315,1605,201
316,1606,201
317,1607,201
318,1608,201
319,1609,201
320,1610,201
321,1611,201
322,1612,201
323,1613,201
324,1614,201
325,1615,201
326,1616,201
327,1617,201
328,1618,201
329,1619,201
330,1620,201
331,1621,201
332,1622,201
333,1623,201
334,1624,201
335,1625,201
336,1626,201
337,1627,201
338,1628,201
339,1629,201
340,1630,201
341,1631,201
342,1632,201
343,1633,201
344,1634,201
345,1635,201
346,1636,201
347,1637,201
348,1638,201
349,1639,201
350,1640,201
351,1641,201
352,1642,201
353,1643,201
354,1644,201
355,1645,201
356,1646,201
357,1647,201
358,1648,201
359,1649,201
360,1650,201
361,1651,201
362,1652,201
363,1653,201
364,1654,201
365,1655,201
366,1656,201
367,1657,201
368,1658,201
369,1659,201
370,1660,201
371,1661,201
372,1662,201
373,1663,201
374,1664,201
375,1665,201
376,1666,201
377,1667,201
378,1668,201
379,1669,201
380,1670,201
381,1671,201
382,1672,201
383,1673,201
384,1674,201
385,1675,201
386,1676,201
387,1677,201
388,1678,201
389,1679,201
390,1680,201
391,1681,201
392,1682,201
393,1683,201
394,1684,201
395,1685,201
396,1686,201
397,1687,201
398,1688,201
399,1689,201
400,1690,201
401,1691,201
402,1692,201
403,1693,201
404,1694,201
405,1695,201
406,1696,201
407,1697,201
408,1698,201
409,1699,201
410,1700,201
411,1701,201
412,1702,201
413,1703,201
414,1704,201
415,1705,201
416,1706,201
417,1707,201
418,1708,201
419,1709,201
420,1710,201
421,1711,201
422,1712,201
423,1713,201
424,1714,201
425,1715,201
426,1716,201
427,1717,201
428,1718,201
429,1719,201
430,1720,201
431,1721,201
432,1722,201
433,1723,201
434,1724,201
435,1725,201
436,1726,201
437,1727,201
438,1728,201
439,1729,201
440,1730,201
441,1731,201
442,1732,201
443,1733,201
444,1734,201
445,1735,201
446,1736,201
447,1737,201
448,1738,201
449,1739,201
450,1740,201
451,1741,201
452,1742,201
453,1743,201
454,1744,201
455,1745,201
456,1746,201
457,1747,201
458,1748,201
459,1749,201
460,1750,201
461,1751,201
462,1752,201
463,1753,201
464,1754,201
465,1755,201
466,1756,201
467,1757,201
468,1758,201
469,1759,201
470,1760,201
471,1761,201
472,1762,201
473,1763,201
474,1764,201
475,1765,201
476,1766,201
477,1767,201
478,1768,201
479,1769,201
480,1770,201
481,1771,201
482,1772,201
483,1773,201
484,1774,201
485,1775,201
486,1776,201
487,1777,201
488,1778,201
489,1779,201
490,1780,201
491,1781,201
492,1782,201
493,1783,201
494,1784,201
495,1785,201
496,1786,201
497,1787,201
498,1788,201
499,1789,201
500,1790,201
501,1791,201
502,1792,201
503,1793,201
504,1794,201
505,1795,201
506,1796,201
507,1797,201
508,1798,201
509,1799,201
510,1800,201
511,1801,201
512,1802,201
513,1803,201
514,1804,201
515,1805,201
516,1806,201
517,1807,201
518,1808,201
519,1809,201
520,1810,201
521,1811,201
522,1812,201
523,1813,201
524,1814,201
525,1815,201
526,1816,201
527,1817,201
528,1818,201
529,1819,201
530,1820,201
531,1821,201
532,1822,201
533,1823,201
534,1824,201
535,1825,201
536,1826,201
537,1827,201
538,1828,201
539,1829,201
540,1830,201
541,1831,201
542,1832,201
543,1833,201
544,1834,201
545,1835,201
546,1836,201
547,1837,201
548,1838,201
549,1839,201
550,1840,201
551,1841,201
552,1842,201
553,1843,201
554,1844,201
555,1845,201
556,1846,201
557,1847,201
558,1848,201
559,1849,201
560,1850,201
561,1851,201
562,1852,201
563,1853,201
564,1854,201
565,1855,201
566,1856,201
567,1857,201
568,1858,201
569,1859,201
570,1860,201
571,1861,201
572,1862,201
573,1863,201
574,1864,201
575,1865,201
576,1866,201
577,1867,201
578,1868,201
579,1869,201
580,1870,201
581,1871,201
582,1872,201
583,1873,201
584,1874,201
585,1875,201
586,1876,201
587,1877,201
588,1878,201
589,1879,201
590,1880,201
591,1881,201
592,1882,201
593,1883,201
594,1884,201
595,1885,201
596,1886,201
597,1887,201
598,1888,201
599,1889,201
600,1890,201
601,1891,201
602,1892,201
603,1893,201
604,1894,201
605,1895,201
606,1896,201
607,1897,201
608,1898,201
609,1899,201
610,1900,201
611,1901,201
612,1902,201
613,1903,201
614,1904,201
615,1905,201
616,1906,201
617,1907,201
618,1908,201
619,1909,201
620,1910,201
621,1911,201
622,1912,201
623,1913,201
624,1914,201
625,1915,201
626,1916,201
627,1917,201
628,1918,201
629,1919,201
630,1920,201
631,1921,201
632,1922,201
633,1923,201
634,1924,201
635,1925,201
636,1926,201
637,1927,201
638,1928,201
639,1929,201
640,1930,201
641,1931,201
642,1932,201
643,1933,201
644,1934,201
645,1935,201
646,1936,201
647,1937,201
648,1938,201
649,1939,201
650,1940,201
651,1941,201
652,1942,201
653,1943,201
654,1944,201
655,1945,201
656,1946,201
657,1947,201
658,1948,201
659,1949,201
660,1950,201
661,1951,201
662,1952,201
663,1953,201
664,1954,201
665,1955,201
666,1956,201
667,1957,201
668,1958,201
669,1959,201
670,1960,201
